AA position,Score
1,0.373737374
2,0.232323232
3,0.252525253
4,0.363636364
5,0.363636364
6,0.363636364
7,0.444444444
8,0.373737374
9,0.262626263
10,0.292929293
11,0.323232323
12,0.343434343
13,0.353535354
14,0.363636364
15,0.212121212
16,0.333333333
17,0.333333333
18,0.323232323
19,0.363636364
20,0.363636364
21,0.232323232
22,0.393939394
23,0.292929293
24,0.393939394
25,0.383838384
26,0.444444444
27,0.424242424
28,0.333333333
29,0.04040404
30,0.353535354
31,0.333333333
32,0.373737374
33,0.04040404
34,0.383838384
35,0.464646465
36,0.373737374
37,0.373737374
38,0.434343434
39,0.424242424
40,0.464646465
41,0.383838384
42,0.454545455
43,0.353535354
44,0.424242424
45,0.393939394
46,0.252525253
47,0.393939394
48,0.353535354
49,0.252525253
50,0.363636364
51,0.393939394
52,0.04040404
53,0.414141414
54,0.323232323
55,0.313131313
56,0.363636364
57,0.373737374
58,0.393939394
59,0.383838384
60,0.414141414
61,0.353535354
62,0.262626263
63,0.181818182
64,0.424242424
65,0.242424242
66,0.141414141
67,0.04040404
68,0.252525253
69,0.161616162
70,0.04040404
71,0.03030303
72,0.323232323
73,0.333333333
74,0.424242424
75,0.131313131
76,0.232323232
77,0.121212121
78,0.383838384
79,0.424242424
80,0.494949495
81,0.545454545
82,0.454545455
83,0.565656566
84,0.272727273
85,0.474747475
86,0.454545455
87,0.515151515
88,0.494949495
89,0.525252525
90,0.555555556
91,0.454545455
92,0.525252525
93,0.444444444
94,0.515151515
95,0.535353535
96,0.232323232
97,0.515151515
98,0.595959596
99,0.585858586
100,0.060606061
101,0.545454545
102,0.454545455
103,0.565656566
104,0.454545455
105,0.464646465
106,0.02020202
107,0.585858586
108,0.595959596
109,0.585858586
110,0.545454545
111,0.616161616
112,0.626262626
113,0.616161616
114,0.636363636
115,0.616161616
116,0.616161616
117,0.636363636
118,0.555555556
119,0.656565657
120,0.616161616
121,0.626262626
122,0.595959596
123,0.616161616
124,0.545454545
125,0.616161616
126,0.636363636
127,0.060606061
128,0.323232323
129,0.626262626
130,0.777777778
131,0.747474747
132,0.737373737
133,0.777777778
134,0.787878788
135,0.474747475
136,0.080808081
137,0.767676768
138,0.747474747
139,0.656565657
140,0.797979798
141,0.777777778
142,0.777777778
143,0.777777778
144,0.767676768
145,0.747474747
146,0.646464646
147,0.070707071
148,0.070707071
149,0.494949495
150,0.575757576
151,0.727272727
152,0.070707071
153,0.595959596
154,0.060606061
155,0.737373737
156,0.787878788
157,0.737373737
158,0.747474747
159,0.070707071
160,0.090909091
161,0.868686869
162,0.838383838
163,0.898989899
164,0.090909091
165,0.848484848
166,0.878787879
167,0.090909091
168,0.868686869
169,0.727272727
170,0.090909091
171,0.888888889
172,0.717171717
173,0.090909091
174,0.929292929
175,0.888888889
176,0.919191919
177,0.090909091
178,0.898989899
179,0.919191919
180,0.090909091
181,0.888888889
182,0.898989899
183,0.090909091
184,0.919191919
185,0.868686869
186,0.919191919
187,0.232323232
188,0.828282828
189,0.919191919
190,0.929292929
191,0.898989899
192,0.090909091
193,0.939393939
194,0.919191919
195,0.090909091
196,0.929292929
197,0.939393939
198,0.929292929
199,0.898989899
200,0.868686869
201,0.939393939
202,0.949494949
203,0.949494949
204,0.090909091
205,0.949494949
206,0.939393939
207,0.828282828
208,0.949494949
209,0.95959596
210,0.757575758
211,0.717171717
212,0.939393939
213,0.949494949
214,0.797979798
215,0.929292929
216,0.95959596
217,0.929292929
218,0.838383838
219,0.95959596
220,0.939393939
221,0.949494949
222,0.95959596
223,0.949494949
224,0.919191919
225,0.949494949
226,0.949494949
227,0.080808081
228,0.929292929
229,0.919191919
230,0.898989899
231,0.919191919
232,0.929292929
233,0.919191919
234,0.919191919
235,0.919191919
236,0.929292929
237,0.939393939
238,0.090909091
239,0.090909091
240,0.919191919
241,0.090909091
242,0.090909091
243,0.929292929
244,0.898989899
245,0.929292929
246,0.939393939
247,0.090909091
248,0.929292929
249,0.090909091
250,0.919191919
251,0.929292929
252,0.090909091
253,0.919191919
254,0.929292929
255,0.919191919
256,0.868686869
257,0.090909091
258,0.090909091
259,0.898989899
260,0.939393939
261,0.929292929
262,0.929292929
263,0.898989899
264,0.919191919
265,0.929292929
266,0.919191919
267,0.929292929
268,0.929292929
269,0.929292929
270,0.929292929
271,0.929292929
272,0.818181818
273,0.929292929
274,0.929292929
275,0.929292929
276,0.090909091
277,0.929292929
278,0.919191919
279,0.919191919
280,0.929292929
281,0.929292929
282,0.919191919
283,0.919191919
284,0.929292929
285,0.090909091
286,0.888888889
287,0.868686869
288,0.828282828
289,0.727272727
290,0.626262626
291,0.757575758
292,0.888888889
293,0.464646465
294,0.050505051
295,0.797979798
296,0.929292929
297,0.818181818
298,0.838383838
299,0.090909091
300,0.929292929
301,0.919191919
302,0.929292929
303,0.929292929
304,0.929292929
305,0.929292929
306,0.929292929
307,0.919191919
308,0.929292929
309,0.949494949
310,0.929292929
311,0.939393939
312,0.949494949
313,0.939393939
314,0.939393939
315,0.939393939
316,0.949494949
317,0.939393939
318,0.898989899
319,0.929292929
320,0.949494949
321,0.919191919
322,0.939393939
323,0.949494949
324,0.595959596
325,0.949494949
326,0.939393939
327,0.888888889
328,0.929292929
329,0.939393939
330,0.949494949
331,0.949494949
332,0.939393939
333,0.939393939
334,0.090909091
335,0.939393939
336,0.929292929
337,0.949494949
338,0.949494949
339,0.949494949
340,0.949494949
341,0.949494949
342,0.949494949
343,0.939393939
344,0.939393939
345,0.939393939
346,0.939393939
347,0.939393939
348,0.929292929
349,0.949494949
350,0.949494949
351,0.939393939
352,0.939393939
353,0.949494949
354,0.939393939
355,0.939393939
356,0.939393939
357,0.939393939
358,0.929292929
359,0.939393939
360,0.939393939
361,0.949494949
362,0.939393939
363,0.919191919
364,0.929292929
365,0.090909091
366,0.919191919
367,0.919191919
368,0.090909091
369,0.929292929
370,0.090909091
371,0.919191919
372,0.919191919
373,0.777777778
374,0.090909091
375,0.919191919
376,0.939393939
377,0.848484848
378,0.737373737
379,0.919191919
380,0.919191919
381,0.919191919
382,0.787878788
383,0.898989899
384,0.777777778
385,0.838383838
386,0.848484848
387,0.767676768
388,0.787878788
389,0.878787879
390,0.636363636
391,0.090909091
392,0.797979798
393,0.838383838
394,0.757575758
395,0.757575758
396,0.181818182
397,0.818181818
398,0.797979798
399,0.03030303
400,0.141414141
401,0.787878788
402,0.060606061
403,0.656565657
404,0.272727273
405,0.757575758
406,0.727272727
407,0.080808081
408,0.747474747
409,0.828282828
410,0.888888889
411,0.848484848
412,0.777777778
413,0.838383838
414,0.848484848
415,0.818181818
416,0.626262626
417,0.232323232
418,0.727272727
419,0.777777778
420,0.727272727
421,0.787878788
422,0.868686869
423,0.727272727
424,0.848484848
425,0.646464646
426,0.767676768
427,0.080808081
428,0.080808081
429,0.838383838
430,0.898989899
431,0.525252525
432,0.111111111
433,0.626262626
434,0.666666667
435,0.636363636
436,0.696969697
437,0.484848485
438,0.656565657
439,0.555555556
440,0.757575758
441,0.919191919
442,0.656565657
443,0.878787879
444,0.878787879
445,0.555555556
446,0.747474747
447,0.616161616
448,0.484848485
449,0.656565657
450,0.484848485
451,0.727272727
452,0.696969697
453,0.191919192
454,0.676767677
455,0.565656566
456,0.676767677
457,0.070707071
458,0.454545455
459,0.747474747
460,0.585858586
461,0.646464646
462,0.060606061
463,0.636363636
464,0.656565657
465,0.727272727
466,0.555555556
467,0.717171717
468,0.747474747
469,0.757575758
470,0.565656566
471,0.696969697
472,0.787878788
473,0.656565657
474,0.767676768
475,0.616161616
476,0.01010101
477,0.444444444
478,0.555555556
479,0.717171717
480,0.292929293
481,0.828282828
482,0.717171717
483,0.686868687
484,0.080808081
485,0.797979798
486,0.737373737
487,0.060606061
488,0.767676768
489,0.787878788
490,0.777777778
491,0.777777778
492,0.787878788
493,0.747474747
494,0.828282828
495,0.686868687
496,0.686868687
497,0.080808081
498,0.484848485
499,0.848484848
500,0.717171717
501,0.747474747
502,0.757575758
503,0.323232323
504,0.818181818
505,0.757575758
506,0.070707071
507,0.060606061
508,0.636363636
509,0.595959596
510,0.727272727
511,0.717171717
512,0.585858586
513,0.545454545
514,0.696969697
515,0.575757576
516,0.696969697
517,0.666666667
518,0.656565657
519,0.717171717
520,0.676767677
521,0.060606061
522,0.737373737
523,0.737373737
524,0.727272727
525,0.747474747
526,0.676767677
527,0.636363636
528,0.626262626
529,0.737373737
530,0.727272727
531,0.727272727
532,0.727272727
533,0.737373737
534,0.747474747
535,0.777777778
536,0.757575758
537,0.767676768
538,0.757575758
539,0.757575758
540,0.767676768
541,0.767676768
542,0.727272727
543,0.757575758
544,0.767676768
545,0.757575758
546,0.757575758
547,0.747474747
548,0.777777778
549,0.747474747
550,0.696969697
551,0.717171717
552,0.696969697
553,0.737373737
554,0.727272727
555,0.757575758
556,0.737373737
557,0.757575758
558,0.767676768
559,0.737373737
560,0.757575758
561,0.757575758
562,0.767676768
563,0.747474747
564,0.757575758
565,0.717171717
566,0.717171717
567,0.060606061
568,0.797979798
569,0.727272727
570,0.676767677
571,0.626262626
572,0.696969697
573,0.747474747
574,0.555555556
575,0.343434343
576,0.04040404
577,0.727272727
578,0.616161616
579,0.626262626
580,0.525252525
581,0.696969697
582,0.696969697
583,0.646464646
584,0.070707071
585,0.515151515
586,0.676767677
587,0.616161616
588,0.666666667
589,0.747474747
590,0.626262626
591,0.727272727
592,0.070707071
593,0.626262626
594,0.070707071
595,0.585858586
596,0.717171717
597,0.656565657
598,0.686868687
599,0.636363636
600,0.595959596
601,0.595959596
602,0.555555556
603,0.686868687
604,0.616161616
605,0.535353535
606,0.696969697
607,0.141414141
608,0.373737374
609,0.666666667
610,0.585858586
611,0.595959596
612,0.535353535
613,0.696969697
614,0.525252525
615,0.515151515
616,0.666666667
617,0.595959596
618,0.494949495
619,0.050505051
620,0.454545455
621,0.121212121
622,0.575757576
623,0.181818182
624,0.050505051
625,0.323232323
626,0.343434343
627,0.171717172
628,0.262626263
629,0.242424242
630,0.171717172
631,0.272727273
632,0.161616162
633,0.181818182
634,0.232323232
635,0.292929293
636,0.212121212
637,0.161616162
638,0.080808081
639,0.161616162
640,0.373737374
641,0.424242424
642,0.414141414
643,0.02020202
644,0.212121212
645,0.363636364
646,0.474747475
647,0.525252525
648,0.171717172
649,0.171717172
650,0.595959596
651,0.050505051
652,0.060606061
653,0.585858586
654,0.575757576
655,0.666666667
656,0.555555556
657,0.525252525
658,0.131313131
659,0.616161616
660,0.060606061
661,0.585858586
662,0.595959596
663,0.060606061
664,0.616161616
665,0.626262626
666,0.595959596
667,0.060606061
668,0.676767677
669,0.383838384
670,0.414141414
671,0.484848485
672,0.565656566
673,0.535353535
674,0.555555556
675,0.444444444
676,0.595959596
