Original,AA position,Change
M,1,L
M,1,K
Q,107,H
Y,111,S
Y,111,C
L,114,P
E,115,G
P,117,T
P,117,S
P,117,L
Y,125,N
Y,125,D
Y,125,C
S,140,G
S,13,G
S,50,G
V,141,M
V,14,M
V,51,M
L,156,P
L,29,P
L,66,P
G,168,R
G,41,R
G,78,R
G,168,R
G,41,R
G,78,R
T,169,R
T,42,R
T,79,R
V,173,D
V,46,D
V,83,D
R,174,C
R,47,C
R,84,C
R,174,L
R,47,L
R,84,L
R,174,P
R,47,P
R,84,P
R,174,H
R,47,H
R,84,H
A,178,T
A,51,T
A,88,T
A,178,P
A,51,P
A,88,P
G,179,R
G,52,R
G,89,R
G,179,S
G,52,S
G,89,S
G,179,A
G,52,A
G,89,A
Y,184,D
Y,57,D
Y,94,D
Y,184,H
Y,57,H
Y,94,H
Y,184,S
Y,57,S
Y,94,S
G,186,C
G,59,C
G,96,C
G,186,D
G,59,D
G,96,D
G,186,V
G,59,V
G,96,V
G,189,R
G,62,R
G,99,R
R,190,W
R,63,W
R,100,W
R,190,P
R,63,P
R,100,P
R,190,L
R,63,L
R,100,L
R,190,Q
R,63,Q
R,100,Q
P,197,S
P,70,S
P,107,S
S,199,A
S,72,A
S,109,A
D,202,N
D,75,N
D,112,N
D,202,G
D,75,G
D,112,G
L,203,P
L,76,P
L,113,P
V,205,M
V,78,M
V,115,M
S,209,P
S,82,P
S,119,P
T,224,M
T,97,M
T,134,M
S,225,W
S,98,W
S,135,W
S,225,L
S,98,L
S,135,L
I,100,L
I,227,L
I,137,L
R,104,S
R,231,S
R,141,S
R,231,C
R,104,C
R,141,C
R,104,L
R,231,L
R,141,L
R,231,H
R,104,H
R,141,H
Q,107,P
Q,234,P
Q,144,P
I,235,N
I,108,N
I,145,N
L,109,R
L,236,R
L,146,R
L,239,P
L,112,P
L,149,P
D,242,Y
D,115,Y
D,152,Y
D,242,N
D,115,N
D,152,N
D,242,E
D,115,E
D,152,E
R,243,S
R,116,S
R,153,S
R,243,C
R,116,C
R,153,C
R,243,P
R,116,P
R,153,P
W,248,R
W,121,R
W,158,R
L,124,Q
L,251,Q
L,161,Q
L,251,P
L,124,P
L,161,P
S,126,C
S,253,C
S,163,C
S,126,F
S,253,F
S,163,F
V,254,M
V,127,M
V,164,M
V,417,M
V,290,M
V,237,M
V,385,M
V,327,M
V,254,L
V,127,L
V,164,L
V,254,M
V,127,M
V,164,M
H,258,P
H,131,P
H,168,P
H,258,R
H,131,R
H,168,R
R,259,G
R,169,G
R,132,G
R,259,C
R,132,C
R,169,C
R,259,P
R,132,P
R,169,P
R,259,L
R,132,L
R,169,L
E,261,L
E,134,L
E,171,L
E,261,Q
E,134,Q
E,171,Q
E,261,K
E,134,K
E,171,K
E,261,D
E,134,D
E,171,D
L,135,Q
L,172,Q
L,262,Q
L,135,P
L,262,P
L,172,P
T,265,I
T,138,I
T,175,I
L,139,Q
L,176,Q
L,266,Q
L,266,P
L,139,P
L,176,P
G,142,R
G,269,R
G,179,R
G,269,S
G,142,S
G,179,S
G,142,V
G,269,V
G,179,V
G,269,D
G,142,D
G,179,D
G,272,D
G,145,D
G,182,D
L,146,I
L,183,I
L,273,I
L,146,V
L,273,V
L,183,V
L,273,F
L,146,F
L,183,F
L,273,P
L,146,P
L,183,P
L,273,R
L,146,R
L,183,R
I,147,N
I,184,N
I,274,N
S,277,L
S,150,L
S,187,L
S,277,W
S,150,W
S,187,W
F,279,I
F,152,I
F,189,I
A,156,P
A,283,P
A,193,P
E,284,K
E,157,K
E,194,K
F,296,S
F,169,S
F,206,S
A,302,E
A,175,E
A,212,E
A,175,V
A,302,V
A,212,V
L,303,P
L,176,P
L,213,P
W,177,G
W,214,G
W,304,G
W,177,S
W,304,S
W,214,S
W,305,S
W,178,S
W,215,S
G,306,R
G,179,R
G,216,R
G,306,R
G,179,R
G,216,R
V,307,L
V,180,L
V,217,L
T,309,I
T,182,I
T,161,I
T,219,I
V,310,I
V,183,I
V,162,I
V,220,I
T,185,S
T,312,S
T,222,S
T,164,S
T,312,I
T,185,I
T,164,I
T,222,I
G,314,R
G,187,R
G,166,R
G,224,R
G,314,S
G,187,S
G,166,S
G,224,S
G,314,D
G,187,D
G,224,D
G,166,D
Y,188,N
Y,315,N
Y,167,N
Y,225,N
Y,188,H
Y,315,H
Y,167,H
Y,225,H
Y,315,C
Y,188,C
Y,167,C
Y,225,C
Y,315,S
Y,188,S
Y,167,S
Y,225,S
G,189,W
G,316,W
G,168,W
G,226,W
G,316,R
G,189,R
G,168,R
G,226,R
G,226,A
G,168,A
G,189,A
G,316,A
D,317,N
D,190,N
D,169,N
D,227,N
D,190,A
D,317,A
D,169,A
D,227,A
D,317,G
D,190,G
D,227,G
D,169,G
P,172,S
P,193,S
P,320,S
P,230,S
P,320,S
P,193,S
P,172,S
P,230,S
P,320,L
P,193,L
P,172,L
P,230,L
P,320,H
P,193,H
P,230,H
P,172,H
T,322,P
T,195,P
T,174,P
T,232,P
T,322,A
T,195,A
T,174,A
T,232,A
T,195,R
T,322,R
T,232,R
T,174,R
T,322,M
T,195,M
T,232,M
T,174,M
T,322,K
T,195,K
T,174,K
T,232,K
G,325,W
G,198,W
G,177,W
G,235,W
G,198,R
G,325,R
G,177,R
G,235,R
G,325,R
G,198,R
G,235,R
G,177,R
G,198,E
G,325,E
G,177,E
G,235,E
S,338,F
S,211,F
S,248,F
S,190,F
F,339,S
F,212,S
F,249,S
F,191,S
F,213,L
F,340,L
F,250,L
F,192,L
F,192,L
F,213,L
F,250,L
F,340,L
A,341,G
A,214,G
A,251,G
A,193,G
A,341,V
A,214,V
A,193,V
A,251,V
A,341,E
A,214,E
A,193,E
A,251,E
L,342,F
L,215,F
L,194,F
L,252,F
P,343,S
P,216,S
P,195,S
P,253,S
A,217,G
A,344,G
A,254,G
A,196,G
A,344,E
A,217,E
A,254,E
A,196,E
A,344,V
A,217,V
A,196,V
A,254,V
G,218,R
G,345,R
G,255,R
G,345,R
G,218,R
G,255,R
G,345,E
G,218,E
G,255,E
S,349,P
S,222,P
S,259,P
S,349,W
S,222,W
S,259,W
G,223,V
G,350,V
G,260,V
R,233,W
R,360,W
R,270,W
R,366,W
R,239,W
R,276,W
R,239,L
R,366,L
R,276,L
R,366,P
R,239,P
R,276,P
R,366,Q
R,239,Q
R,276,Q
Q,367,H
Q,240,H
Q,277,H
A,243,E
A,370,E
A,280,E
A,244,P
A,371,P
A,281,P
A,371,E
A,244,E
A,281,E
L,284,F
L,247,F
L,374,F
R,380,W
R,253,W
R,200,W
R,348,W
R,290,W
R,380,S
R,253,S
R,348,S
R,200,S
R,290,S
S,262,F
S,209,F
S,357,F
S,389,F
S,299,F
W,392,R
W,265,R
W,212,R
W,302,R
W,360,R
R,518,G
R,391,G
R,428,G
R,486,G
R,338,G
M,430,K
M,340,K
M,520,K
M,393,K
M,488,K
M,393,T
M,520,T
M,430,T
M,488,T
M,340,T
M,520,R
M,393,R
M,488,R
M,430,R
M,340,R
Y,522,S
Y,395,S
Y,432,S
Y,342,S
Y,490,S
V,524,G
V,397,G
V,344,G
V,434,G
V,492,G
A,525,T
A,398,T
A,345,T
A,435,T
A,493,T
K,347,E
K,400,E
K,437,E
K,495,E
K,527,E
R,539,W
R,412,W
R,449,W
R,507,W
R,359,W
R,539,Q
R,412,Q
R,359,Q
R,449,Q
R,507,Q
S,546,L
S,419,L
S,456,L
S,514,L
S,366,L
R,555,C
R,428,C
R,375,C
R,523,C
R,465,C
R,555,H
R,428,H
R,465,H
R,375,H
R,523,H
K,557,E
K,430,E
K,377,E
K,525,E
K,467,E
R,562,S
R,382,S
R,435,S
R,472,S
R,530,S
S,566,F
S,439,F
S,386,F
S,476,F
S,534,F
S,566,Y
S,439,Y
S,534,Y
S,386,Y
S,476,Y
I,440,F
I,567,F
I,477,F
I,387,F
I,535,F
I,567,T
I,440,T
I,535,T
I,387,T
I,477,T
G,568,R
G,441,R
G,388,R
G,478,R
G,536,R
G,568,R
G,441,R
G,478,R
G,536,R
G,388,R
G,568,A
G,441,A
G,536,A
G,388,A
G,478,A
T,587,R
T,460,R
T,407,R
T,497,R
T,555,R
T,91,R
T,587,M
T,460,M
T,555,M
T,497,M
T,91,M
T,407,M
I,461,T
I,588,T
I,92,T
I,498,T
I,556,T
I,408,T
G,589,D
G,462,D
G,499,D
G,93,D
G,557,D
G,409,D
R,464,L
R,591,L
R,411,L
R,501,L
R,95,L
R,559,L
R,591,H
R,464,H
R,411,H
R,95,H
R,501,H
R,559,H
R,414,L
R,467,L
R,504,L
R,562,L
R,594,L
R,98,L
R,594,P
R,467,P
R,414,P
R,504,P
R,562,P
R,98,P
R,594,Q
R,467,Q
R,504,Q
R,98,Q
R,414,Q
R,562,Q
E,469,G
E,596,G
E,416,G
E,100,G
E,506,G
E,564,G
D,611,Y
D,484,Y
D,521,Y
D,431,Y
D,115,Y
D,579,Y
