,AA position,Original,Change,Label,Signal To Noise,Functional Domain,Score
0,1,M,L,1,0.0,1,0.373737374
1,1,M,K,1,0.0,1,0.373737374
2,7,R,C,0,0.0,1,0.444444444
3,13,S,G,1,0.0,1,0.353535354
4,14,V,M,1,0.0,1,0.363636364
5,29,L,P,1,0.0,1,0.04040404
6,41,G,R,1,0.0,1,0.383838384
7,42,T,R,1,0.0,1,0.454545455
8,46,V,D,1,0.0,1,0.252525253
12,47,R,L,1,0.0,1,0.393939394
11,47,R,H,1,0.0,1,0.393939394
10,47,R,P,1,0.0,1,0.393939394
9,47,R,C,1,0.0,1,0.393939394
13,50,S,G,1,0.0,1,0.363636364
14,51,A,P,1,0.0,1,0.393939394
15,51,A,T,1,0.0,1,0.393939394
16,51,V,M,1,0.0,1,0.393939394
17,52,G,S,1,0.0,1,0.04040404
18,52,G,A,1,0.0,1,0.04040404
19,52,G,R,1,0.0,1,0.04040404
21,57,Y,H,1,0.0,1,0.373737374
22,57,Y,D,1,0.0,1,0.373737374
20,57,Y,S,1,0.0,1,0.373737374
23,59,G,C,1,0.0,1,0.383838384
24,59,G,D,1,0.0,1,0.383838384
25,59,G,V,1,0.0,1,0.383838384
26,62,A,T,0,0.0,1,0.262626263
27,62,G,R,1,0.0,1,0.262626263
28,63,R,L,1,0.0,1,0.181818182
29,63,R,Q,1,0.0,1,0.181818182
30,63,R,W,1,0.0,1,0.181818182
31,63,R,P,1,0.0,1,0.181818182
32,66,L,P,1,0.0,1,0.141414141
33,70,P,S,1,0.0,1,0.04040404
34,72,S,A,1,0.0,1,0.323232323
35,75,D,G,1,0.0,1,0.131313131
36,75,D,N,1,0.0,1,0.131313131
37,76,L,P,1,0.0,1,0.232323232
38,78,G,R,1,0.0,1,0.383838384
39,78,V,M,1,0.0,1,0.383838384
40,79,T,R,1,0.0,1,0.424242424
41,80,V,M,0,0.0,1,0.494949495
42,82,S,P,1,0.0,1,0.454545455
43,83,V,D,1,0.0,1,0.565656566
47,84,R,C,1,0.0,1,0.272727273
46,84,R,P,1,0.0,1,0.272727273
45,84,R,H,1,0.0,1,0.272727273
44,84,R,L,1,0.0,1,0.272727273
48,88,A,T,1,0.0,1,0.494949495
49,88,A,P,1,0.0,1,0.494949495
50,89,G,A,1,0.0,1,0.525252525
51,89,G,S,1,0.0,1,0.525252525
52,89,G,R,1,0.0,1,0.525252525
53,91,T,M,1,0.0,1,0.454545455
54,91,T,R,1,0.0,1,0.454545455
55,92,I,T,1,0.0,1,0.525252525
56,93,G,D,1,0.0,1,0.444444444
59,94,Y,S,1,0.0,1,0.515151515
57,94,Y,H,1,0.0,1,0.515151515
58,94,Y,D,1,0.0,1,0.515151515
60,95,R,H,1,0.0,1,0.535353535
61,95,R,L,1,0.0,1,0.535353535
62,96,G,V,1,0.0,1,0.232323232
63,96,G,D,1,0.0,1,0.232323232
64,96,G,C,1,0.0,1,0.232323232
65,97,T,M,1,0.0,1,0.515151515
70,98,S,L,1,0.0,1,0.595959596
69,98,R,L,1,0.0,1,0.595959596
68,98,R,P,1,0.0,1,0.595959596
67,98,S,W,1,0.0,1,0.595959596
66,98,R,Q,1,0.0,1,0.595959596
71,99,G,R,1,0.0,1,0.585858586
72,100,E,G,1,0.0,1,0.060606061
73,100,I,L,1,0.0,1,0.060606061
74,100,R,Q,1,0.0,1,0.060606061
75,100,R,L,1,0.0,1,0.060606061
76,100,R,P,1,0.0,1,0.060606061
77,100,R,W,1,0.0,1,0.060606061
81,104,R,H,1,0.0,1,0.454545455
80,104,R,L,1,0.0,1,0.454545455
79,104,R,C,1,0.0,1,0.454545455
78,104,R,S,1,0.0,1,0.454545455
82,107,Q,P,1,0.0,1,0.585858586
83,107,P,S,1,0.0,1,0.585858586
84,107,Q,H,1,0.0,1,0.585858586
85,108,I,N,1,0.0,1,0.595959596
86,109,S,A,1,0.0,1,0.585858586
87,109,L,R,1,0.0,1,0.585858586
88,111,Y,C,1,232.29458218549144,1,0.616161616
89,111,Y,S,1,232.29458218549144,1,0.616161616
92,112,L,P,1,0.0,1,0.626262626
91,112,D,N,1,0.0,1,0.626262626
90,112,D,G,1,0.0,1,0.626262626
93,113,L,P,1,0.0,1,0.616161616
94,114,L,P,1,0.0,1,0.636363636
95,115,D,E,1,17.46166207529846,1,0.616161616
96,115,E,G,1,17.46166207529846,1,0.616161616
97,115,V,M,1,17.46166207529846,1,0.616161616
98,115,D,Y,1,17.46166207529846,1,0.616161616
99,115,D,N,1,17.46166207529846,1,0.616161616
100,116,R,S,1,0.0,1,0.616161616
101,116,R,P,1,0.0,1,0.616161616
102,116,R,C,1,0.0,1,0.616161616
106,117,P,S,1,335.6018001412078,1,0.636363636
105,117,P,T,1,335.6018001412078,1,0.636363636
103,117,V,M,0,335.6018001412078,1,0.636363636
104,117,P,L,1,335.6018001412078,1,0.636363636
107,119,S,P,1,0.0,1,0.656565657
108,121,W,R,1,0.0,1,0.626262626
109,124,L,Q,1,0.0,1,0.545454545
110,124,L,P,1,0.0,1,0.545454545
113,125,Y,C,1,0.0,1,0.616161616
111,125,Y,N,1,0.0,1,0.616161616
112,125,Y,D,1,0.0,1,0.616161616
115,126,S,C,1,0.0,1,0.636363636
114,126,S,F,1,0.0,1,0.636363636
116,127,V,M,1,32.4849999724725,1,0.060606061
117,127,V,L,1,32.4849999724725,1,0.060606061
118,131,H,R,1,0.0,1,0.747474747
119,131,H,P,1,0.0,1,0.747474747
120,132,R,L,1,0.0,1,0.737373737
121,132,R,P,1,0.0,1,0.737373737
122,132,R,C,1,0.0,1,0.737373737
123,132,R,G,1,0.0,1,0.737373737
128,134,E,Q,1,95.6251147842058,1,0.787878788
127,134,E,K,1,95.6251147842058,1,0.787878788
126,134,T,M,1,95.6251147842058,1,0.787878788
125,134,E,L,1,95.6251147842058,1,0.787878788
124,134,E,D,1,95.6251147842058,1,0.787878788
129,135,L,Q,1,0.0,1,0.474747475
130,135,S,L,1,0.0,1,0.474747475
131,135,L,P,1,0.0,1,0.474747475
132,135,S,W,1,0.0,1,0.474747475
133,137,I,L,1,38.79509093101165,1,0.767676768
134,138,T,I,1,0.0,1,0.747474747
135,139,L,Q,1,0.0,1,0.656565657
136,139,L,P,1,0.0,1,0.656565657
137,140,S,G,1,0.0,1,0.797979798
138,141,V,M,1,0.0,1,0.777777778
139,141,R,L,1,0.0,1,0.777777778
140,141,R,C,1,0.0,1,0.777777778
141,141,R,S,1,0.0,1,0.777777778
142,141,R,H,1,0.0,1,0.777777778
143,142,G,D,1,0.0,1,0.777777778
144,142,G,V,1,0.0,1,0.777777778
145,142,G,S,1,0.0,1,0.777777778
146,142,G,R,1,0.0,1,0.777777778
147,144,Q,P,1,23.90639348025712,1,0.767676768
148,145,I,N,1,0.0,1,0.747474747
149,145,G,D,1,0.0,1,0.747474747
154,146,L,I,1,4.130979198290407,1,0.646464646
153,146,L,V,1,4.130979198290407,1,0.646464646
150,146,L,P,1,4.130979198290407,1,0.646464646
151,146,L,F,1,4.130979198290407,1,0.646464646
152,146,L,R,1,4.130979198290407,1,0.646464646
155,147,I,N,1,0.0,1,0.070707071
156,147,G,S,0,0.0,1,0.070707071
157,149,L,P,1,0.0,1,0.494949495
158,150,S,L,1,0.0,1,0.575757576
159,150,S,W,1,0.0,1,0.575757576
164,152,D,E,1,0.0,1,0.070707071
165,152,D,Y,1,0.0,1,0.070707071
163,152,V,I,0,0.0,1,0.070707071
160,152,V,L,0,0.0,1,0.070707071
161,152,D,N,1,0.0,1,0.070707071
162,152,F,I,1,0.0,1,0.070707071
166,153,R,S,1,0.728933962617185,1,0.595959596
167,153,R,P,1,0.728933962617185,1,0.595959596
168,153,R,C,1,0.728933962617185,1,0.595959596
169,156,L,P,1,0.0,1,0.787878788
170,156,A,P,1,0.0,1,0.787878788
171,157,E,K,1,0.0,1,0.737373737
172,158,W,R,1,0.0,1,0.747474747
175,161,L,P,1,0.0,1,0.868686869
173,161,L,Q,1,0.0,1,0.868686869
174,161,T,I,1,0.0,1,0.868686869
176,162,V,I,1,5.256868046794433,1,0.838383838
177,163,S,C,1,0.0,1,0.898989899
178,163,S,F,1,0.0,1,0.898989899
182,164,V,L,1,0.0,1,0.090909091
179,164,T,S,1,0.0,1,0.090909091
180,164,T,I,1,0.0,1,0.090909091
181,164,V,M,1,0.0,1,0.090909091
185,166,G,S,1,0.0,1,0.878787879
183,166,G,D,1,0.0,1,0.878787879
184,166,G,R,1,0.0,1,0.878787879
186,167,Y,S,1,0.0,1,0.090909091
187,167,Y,N,1,0.0,1,0.090909091
188,167,Y,H,1,0.0,1,0.090909091
189,167,Y,C,1,0.0,1,0.090909091
193,168,H,P,1,250.5334622390264,1,0.868686869
192,168,G,W,1,250.5334622390264,1,0.868686869
194,168,G,R,1,250.5334622390264,1,0.868686869
190,168,H,R,1,250.5334622390264,1,0.868686869
191,168,G,A,1,250.5334622390264,1,0.868686869
203,169,F,S,1,0.0,1,0.727272727
195,169,R,P,1,0.0,1,0.727272727
196,169,R,C,1,0.0,1,0.727272727
197,169,R,G,1,0.0,1,0.727272727
198,169,T,R,1,0.0,1,0.727272727
199,169,R,L,1,0.0,1,0.727272727
200,169,D,G,1,0.0,1,0.727272727
201,169,D,A,1,0.0,1,0.727272727
202,169,D,N,1,0.0,1,0.727272727
206,171,E,K,1,0.0,1,0.888888889
207,171,E,L,1,0.0,1,0.888888889
204,171,E,Q,1,0.0,1,0.888888889
205,171,E,D,1,0.0,1,0.888888889
208,172,L,P,1,28.41881451459169,1,0.717171717
209,172,P,S,1,28.41881451459169,1,0.717171717
210,172,P,L,1,28.41881451459169,1,0.717171717
211,172,L,Q,1,28.41881451459169,1,0.717171717
212,172,P,H,1,28.41881451459169,1,0.717171717
213,173,V,D,1,335.6018001412078,1,0.090909091
222,174,T,K,1,121.52343320879814,1,0.929292929
221,174,T,R,1,121.52343320879814,1,0.929292929
220,174,T,P,1,121.52343320879814,1,0.929292929
219,174,T,A,1,121.52343320879814,1,0.929292929
217,174,R,P,1,121.52343320879814,1,0.929292929
216,174,R,L,1,121.52343320879814,1,0.929292929
215,174,T,M,1,121.52343320879814,1,0.929292929
214,174,R,C,1,121.52343320879814,1,0.929292929
218,174,R,H,1,121.52343320879814,1,0.929292929
223,175,A,E,1,0.0,1,0.888888889
224,175,A,V,1,0.0,1,0.888888889
225,175,T,I,1,0.0,1,0.888888889
226,176,L,P,1,0.0,1,0.919191919
227,176,L,Q,1,0.0,1,0.919191919
232,177,G,R,1,0.0,1,0.090909091
231,177,W,G,1,0.0,1,0.090909091
230,177,G,E,1,0.0,1,0.090909091
229,177,W,S,1,0.0,1,0.090909091
228,177,G,W,1,0.0,1,0.090909091
233,178,W,S,1,31.42114325068874,1,0.898989899
234,178,A,T,1,31.42114325068874,1,0.898989899
235,178,A,P,1,31.42114325068874,1,0.898989899
239,179,G,A,1,67.30202854996247,1,0.919191919
238,179,G,D,1,67.30202854996247,1,0.919191919
240,179,G,S,1,67.30202854996247,1,0.919191919
236,179,G,V,1,67.30202854996247,1,0.919191919
237,179,G,R,1,67.30202854996247,1,0.919191919
241,180,V,L,1,0.0,1,0.090909091
242,182,T,I,1,0.0,1,0.898989899
243,182,G,D,1,0.0,1,0.898989899
249,183,V,I,1,0.0,1,0.090909091
244,183,L,P,1,0.0,1,0.090909091
245,183,L,V,1,0.0,1,0.090909091
246,183,L,I,1,0.0,1,0.090909091
247,183,L,F,1,0.0,1,0.090909091
248,183,L,R,1,0.0,1,0.090909091
252,184,Y,D,1,1678.009000706039,1,0.919191919
253,184,Y,S,1,1678.009000706039,1,0.919191919
250,184,I,N,1,1678.009000706039,1,0.919191919
251,184,Y,H,1,1678.009000706039,1,0.919191919
254,185,T,I,1,0.0,1,0.868686869
255,185,T,S,1,0.0,1,0.868686869
256,186,G,C,1,83.80199724517917,1,0.919191919
257,186,G,D,1,83.80199724517917,1,0.919191919
258,186,G,V,1,83.80199724517917,1,0.919191919
262,187,S,L,1,0.0,1,0.232323232
261,187,G,R,1,0.0,1,0.232323232
263,187,G,D,1,0.0,1,0.232323232
259,187,G,S,1,0.0,1,0.232323232
260,187,S,W,1,0.0,1,0.232323232
264,188,Y,N,1,0.0,1,0.828282828
265,188,Y,S,1,0.0,1,0.828282828
266,188,Y,C,1,0.0,1,0.828282828
267,188,Y,H,1,0.0,1,0.828282828
268,189,G,R,1,71.95454545454567,1,0.919191919
269,189,G,A,1,71.95454545454567,1,0.919191919
270,189,G,W,1,71.95454545454567,1,0.919191919
271,189,F,I,1,71.95454545454567,1,0.919191919
277,190,R,Q,1,63.80914045182654,1,0.929292929
279,190,R,P,1,63.80914045182654,1,0.929292929
278,190,D,A,1,63.80914045182654,1,0.929292929
275,190,R,W,1,63.80914045182654,1,0.929292929
274,190,R,L,1,63.80914045182654,1,0.929292929
276,190,D,G,1,63.80914045182654,1,0.929292929
273,190,S,F,1,63.80914045182654,1,0.929292929
272,190,D,N,1,63.80914045182654,1,0.929292929
280,191,F,S,1,0.0,1,0.898989899
281,192,F,L,1,6.356710970587399,1,0.090909091
288,193,A,V,1,0.0,1,0.939393939
286,193,A,E,1,0.0,1,0.939393939
285,193,A,P,1,0.0,1,0.939393939
287,193,P,L,1,0.0,1,0.939393939
283,193,P,H,1,0.0,1,0.939393939
282,193,P,S,1,0.0,1,0.939393939
284,193,A,G,1,0.0,1,0.939393939
289,194,L,F,1,335.6018001412078,1,0.919191919
290,194,E,K,1,335.6018001412078,1,0.919191919
296,195,T,K,1,2.756642052819525,1,0.090909091
291,195,P,S,1,2.756642052819525,1,0.090909091
292,195,T,M,1,2.756642052819525,1,0.090909091
293,195,T,P,1,2.756642052819525,1,0.090909091
294,195,T,A,1,2.756642052819525,1,0.090909091
295,195,T,R,1,2.756642052819525,1,0.090909091
299,196,A,E,1,0.0,1,0.929292929
298,196,A,V,1,0.0,1,0.929292929
297,196,A,G,1,0.0,1,0.929292929
300,197,P,S,1,0.0,1,0.939393939
301,198,G,R,1,7.968456123122268,1,0.929292929
302,198,G,E,1,7.968456123122268,1,0.929292929
303,198,G,W,1,7.968456123122268,1,0.929292929
304,199,S,A,1,0.0,1,0.898989899
305,200,R,S,1,0.0,1,0.868686869
306,200,R,W,1,0.0,1,0.868686869
307,202,D,N,1,16.35382889808138,1,0.949494949
308,202,D,G,1,16.35382889808138,1,0.949494949
309,203,L,P,1,0.0,1,0.949494949
310,205,V,M,1,0.0,1,0.949494949
311,206,F,S,1,0.0,1,0.939393939
312,207,V,M,0,0.0,1,0.828282828
313,209,S,P,1,95.62534435261708,1,0.95959596
314,209,S,F,1,95.62534435261708,1,0.95959596
315,211,S,F,1,0.0,1,0.717171717
316,212,A,V,1,0.0,1,0.939393939
317,212,A,E,1,0.0,1,0.939393939
318,212,W,R,1,0.0,1,0.939393939
319,212,F,S,1,0.0,1,0.939393939
321,213,L,P,1,0.0,1,0.949494949
320,213,F,L,1,0.0,1,0.949494949
322,214,A,E,1,0.0,1,0.797979798
323,214,A,V,1,0.0,1,0.797979798
324,214,A,G,1,0.0,1,0.797979798
325,214,W,G,1,0.0,1,0.797979798
326,214,W,S,1,0.0,1,0.797979798
327,215,L,F,1,20.87743122669575,1,0.929292929
328,215,W,S,1,20.87743122669575,1,0.929292929
330,216,G,R,1,0.0,1,0.95959596
329,216,P,S,1,0.0,1,0.95959596
331,217,A,E,1,0.0,1,0.929292929
332,217,A,V,1,0.0,1,0.929292929
333,217,V,L,1,0.0,1,0.929292929
334,217,A,G,1,0.0,1,0.929292929
335,218,G,R,1,0.0,1,0.838383838
336,218,G,E,1,0.0,1,0.838383838
337,219,T,I,1,0.0,1,0.95959596
338,220,V,I,1,0.0,1,0.939393939
342,222,T,I,1,0.0,1,0.95959596
341,222,S,W,1,0.0,1,0.95959596
339,222,T,S,1,0.0,1,0.95959596
340,222,S,P,1,0.0,1,0.95959596
343,223,G,V,1,0.0,1,0.949494949
344,224,G,S,1,5.674610444116192,1,0.919191919
345,224,G,R,1,5.674610444116192,1,0.919191919
346,224,T,M,1,5.674610444116192,1,0.919191919
347,224,G,D,1,5.674610444116192,1,0.919191919
351,225,S,L,1,502.5020661157039,1,0.949494949
353,225,Y,N,1,502.5020661157039,1,0.949494949
352,225,Y,H,1,502.5020661157039,1,0.949494949
349,225,Y,C,1,502.5020661157039,1,0.949494949
348,225,Y,S,1,502.5020661157039,1,0.949494949
350,225,S,W,1,502.5020661157039,1,0.949494949
356,226,G,R,1,0.0,1,0.949494949
354,226,G,W,1,0.0,1,0.949494949
355,226,G,A,1,0.0,1,0.949494949
359,227,I,L,1,0.0,1,0.080808081
360,227,D,A,1,0.0,1,0.080808081
357,227,D,G,1,0.0,1,0.080808081
358,227,D,N,1,0.0,1,0.080808081
361,228,P,A,0,0.0,1,0.929292929
363,230,P,H,1,0.0,1,0.898989899
362,230,P,L,1,0.0,1,0.898989899
364,230,P,S,1,0.0,1,0.898989899
368,231,R,H,1,36.98786048109751,1,0.919191919
367,231,R,S,1,36.98786048109751,1,0.919191919
366,231,R,C,1,36.98786048109751,1,0.919191919
365,231,R,L,1,36.98786048109751,1,0.919191919
369,232,T,K,1,0.0,1,0.929292929
370,232,T,R,1,0.0,1,0.929292929
371,232,T,A,1,0.0,1,0.929292929
372,232,T,M,1,0.0,1,0.929292929
373,232,T,P,1,0.0,1,0.929292929
374,233,R,W,1,0.0,0,0.919191919
375,234,Q,P,1,0.0,0,0.919191919
378,235,I,N,1,1678.009000706039,0,0.919191919
379,235,G,W,1,1678.009000706039,0,0.919191919
376,235,G,R,1,1678.009000706039,0,0.919191919
377,235,G,E,1,1678.009000706039,0,0.919191919
380,236,L,R,1,0.0,0,0.929292929
381,239,R,P,1,335.6018001412078,0,0.090909091
382,239,R,L,1,335.6018001412078,0,0.090909091
383,239,R,Q,1,335.6018001412078,0,0.090909091
384,239,R,W,1,335.6018001412078,0,0.090909091
385,239,L,P,1,335.6018001412078,0,0.090909091
386,240,Q,H,1,0.0,0,0.919191919
387,242,D,N,1,838.2828282828283,0,0.090909091
388,242,D,E,1,838.2828282828283,0,0.090909091
389,242,D,Y,1,838.2828282828283,0,0.090909091
393,243,R,C,1,82.2767631419816,0,0.929292929
392,243,R,P,1,82.2767631419816,0,0.929292929
390,243,A,E,1,82.2767631419816,0,0.929292929
391,243,R,S,1,82.2767631419816,0,0.929292929
394,244,A,E,1,0.0,0,0.898989899
395,244,A,P,1,0.0,0,0.898989899
396,247,L,F,1,0.0,0,0.090909091
397,248,W,R,1,335.6018001412078,0,0.929292929
398,248,S,F,1,335.6018001412078,0,0.929292929
399,249,F,S,1,0.0,0,0.090909091
400,250,F,L,1,335.6018001412078,0,0.919191919
403,251,L,Q,1,0.0,0,0.929292929
405,251,A,V,1,0.0,0,0.929292929
404,251,A,E,1,0.0,0,0.929292929
402,251,L,P,1,0.0,0,0.929292929
401,251,A,G,1,0.0,0,0.929292929
406,252,L,F,1,0.0,0,0.090909091
407,253,P,S,1,0.0,0,0.919191919
408,253,S,F,1,0.0,0,0.919191919
409,253,S,C,1,0.0,0,0.919191919
410,253,R,S,1,0.0,0,0.919191919
411,253,R,W,1,0.0,0,0.919191919
416,254,A,G,1,1295.8925619834754,0,0.929292929
415,254,V,L,1,1295.8925619834754,0,0.929292929
412,254,A,V,1,1295.8925619834754,0,0.929292929
413,254,A,E,1,1295.8925619834754,0,0.929292929
414,254,V,M,1,1295.8925619834754,0,0.929292929
417,255,G,R,1,0.0,0,0.919191919
418,255,G,E,1,0.0,0,0.919191919
419,258,H,R,1,1006.8054004236234,0,0.090909091
420,258,H,P,1,1006.8054004236234,0,0.090909091
426,259,S,W,1,69.36735368372845,0,0.898989899
425,259,R,G,1,69.36735368372845,0,0.898989899
424,259,S,P,1,69.36735368372845,0,0.898989899
422,259,R,L,1,69.36735368372845,0,0.898989899
421,259,R,P,1,69.36735368372845,0,0.898989899
423,259,R,C,1,69.36735368372845,0,0.898989899
427,260,G,V,1,0.0,0,0.939393939
428,261,E,L,1,671.2036002824156,0,0.929292929
429,261,E,K,1,671.2036002824156,0,0.929292929
430,261,E,D,1,671.2036002824156,0,0.929292929
431,261,E,Q,1,671.2036002824156,0,0.929292929
433,262,L,P,1,671.2036002824156,0,0.929292929
432,262,S,F,1,671.2036002824156,0,0.929292929
434,262,L,Q,1,671.2036002824156,0,0.929292929
436,265,W,R,1,0.0,0,0.929292929
435,265,T,I,1,0.0,0,0.929292929
437,266,D,E,0,403.68073901979335,0,0.919191919
438,266,L,Q,1,403.68073901979335,0,0.919191919
439,266,L,P,1,403.68073901979335,0,0.919191919
440,268,P,R,0,15.250041739711172,0,0.929292929
444,269,G,S,1,79.59608597002605,0,0.929292929
441,269,G,R,1,79.59608597002605,0,0.929292929
442,269,G,D,1,79.59608597002605,0,0.929292929
443,269,G,V,1,79.59608597002605,0,0.929292929
445,270,R,W,1,0.0,0,0.929292929
446,272,G,D,1,24.87186242062031,0,0.818181818
447,273,L,R,1,83.28735372268196,0,0.929292929
448,273,L,F,1,83.28735372268196,0,0.929292929
449,273,L,V,1,83.28735372268196,0,0.929292929
450,273,L,P,1,83.28735372268196,0,0.929292929
451,273,L,I,1,83.28735372268196,0,0.929292929
452,274,I,N,1,0.5735589736092817,0,0.929292929
455,276,R,W,1,89.60491276400377,0,0.090909091
456,276,R,Q,1,89.60491276400377,0,0.090909091
453,276,R,L,1,89.60491276400377,0,0.090909091
454,276,R,P,1,89.60491276400377,0,0.090909091
459,277,S,W,1,222.27410468319584,0,0.929292929
458,277,S,L,1,222.27410468319584,0,0.929292929
457,277,Q,H,1,222.27410468319584,0,0.929292929
460,279,F,I,1,0.0,0,0.919191919
461,280,A,E,1,167.7561983471075,0,0.929292929
462,281,A,P,1,335.6018001412078,0,0.929292929
463,281,A,E,1,335.6018001412078,0,0.929292929
464,281,P,A,0,335.6018001412078,0,0.929292929
465,283,A,P,1,36.0653122130395,0,0.919191919
466,284,E,K,1,0.0,0,0.929292929
467,284,L,F,1,0.0,0,0.929292929
469,290,R,W,1,0.0,0,0.626262626
468,290,R,S,1,0.0,0,0.626262626
470,296,M,T,0,0.0,0,0.929292929
471,296,F,S,1,0.0,0,0.929292929
472,299,S,F,1,0.0,0,0.090909091
473,302,A,E,1,19.61234803431911,0,0.929292929
474,302,A,V,1,19.61234803431911,0,0.929292929
475,302,W,R,1,19.61234803431911,0,0.929292929
476,303,L,P,1,335.6018001412078,0,0.929292929
478,304,W,S,1,0.0231602271424765,0,0.929292929
477,304,W,G,1,0.0231602271424765,0,0.929292929
479,305,W,S,1,167.64026629935725,0,0.929292929
480,306,G,R,1,26.111225895316966,0,0.929292929
481,307,V,L,1,0.0,0,0.919191919
482,309,T,I,1,0.0,0,0.949494949
483,310,V,I,1,1.899015348760924,0,0.929292929
484,312,T,S,1,2013.6108008472468,0,0.949494949
485,312,T,I,1,2013.6108008472468,0,0.949494949
486,314,G,R,1,7047.637802965364,0,0.939393939
487,314,G,S,1,7047.637802965364,0,0.939393939
488,314,G,D,1,7047.637802965364,0,0.939393939
492,315,Y,H,1,348.59752721673044,0,0.939393939
491,315,Y,S,1,348.59752721673044,0,0.939393939
489,315,Y,N,1,348.59752721673044,0,0.939393939
490,315,Y,C,1,348.59752721673044,0,0.939393939
493,316,G,W,1,1006.8054004236234,0,0.949494949
494,316,G,R,1,1006.8054004236234,0,0.949494949
495,316,G,A,1,1006.8054004236234,0,0.949494949
496,317,D,N,1,0.0,0,0.939393939
497,317,D,G,1,0.0,0,0.939393939
498,317,D,A,1,0.0,0,0.939393939
499,318,P,A,0,0.0,0,0.898989899
500,319,D,E,0,0.0,0,0.929292929
502,320,P,S,1,335.53030303030334,0,0.949494949
503,320,P,L,1,335.53030303030334,0,0.949494949
501,320,P,H,1,335.53030303030334,0,0.949494949
504,321,P,R,0,0.0,0,0.919191919
505,322,T,A,1,188.75309917355415,0,0.939393939
506,322,T,P,1,188.75309917355415,0,0.939393939
507,322,T,R,1,188.75309917355415,0,0.939393939
508,322,T,M,1,188.75309917355415,0,0.939393939
509,322,T,K,1,188.75309917355415,0,0.939393939
510,325,G,W,1,215.1472107438018,0,0.949494949
511,325,G,E,1,215.1472107438018,0,0.949494949
512,325,G,R,1,215.1472107438018,0,0.949494949
514,338,R,G,1,0.0,0,0.949494949
513,338,S,F,1,0.0,0,0.949494949
515,339,F,S,1,1342.407200564831,0,0.949494949
516,340,F,L,1,144.3278236914609,0,0.949494949
517,340,M,K,1,144.3278236914609,0,0.949494949
518,340,M,T,1,144.3278236914609,0,0.949494949
519,340,M,R,1,144.3278236914609,0,0.949494949
520,341,A,V,1,182.5511638120336,0,0.949494949
521,341,A,E,1,182.5511638120336,0,0.949494949
522,341,A,G,1,182.5511638120336,0,0.949494949
523,342,Y,S,1,1006.8054004236234,0,0.949494949
524,342,L,F,1,1006.8054004236234,0,0.949494949
525,343,P,S,1,1678.009000706039,0,0.939393939
526,344,A,E,1,420.0792368648789,0,0.939393939
527,344,V,G,1,420.0792368648789,0,0.939393939
528,344,A,G,1,420.0792368648789,0,0.939393939
529,344,A,V,1,420.0792368648789,0,0.939393939
530,345,A,T,1,29.875497398224688,0,0.939393939
531,345,G,E,1,29.875497398224688,0,0.939393939
532,345,G,R,1,29.875497398224688,0,0.939393939
533,347,K,E,1,0.0,0,0.939393939
534,348,R,W,1,0.0,0,0.929292929
535,348,R,S,1,0.0,0,0.929292929
538,349,S,P,1,148.83531064787826,0,0.949494949
536,349,M,T,0,148.83531064787826,0,0.949494949
537,349,S,W,1,148.83531064787826,0,0.949494949
539,350,G,V,1,671.2036002824156,0,0.949494949
540,356,D,E,0,0.0,0,0.939393939
541,357,S,F,1,0.0,0,0.939393939
542,358,P,R,0,0.0,0,0.929292929
543,359,R,Q,1,0.0,0,0.939393939
544,359,R,W,1,0.0,0,0.939393939
545,360,W,R,1,1006.8054004236234,0,0.939393939
546,360,R,W,1,1006.8054004236234,0,0.939393939
551,366,R,L,1,285.2128168005151,0,0.919191919
549,366,R,W,1,285.2128168005151,0,0.919191919
550,366,R,Q,1,285.2128168005151,0,0.919191919
548,366,R,P,1,285.2128168005151,0,0.919191919
547,366,S,L,1,285.2128168005151,0,0.919191919
552,367,Q,H,1,0.0,0,0.919191919
553,370,A,E,1,0.0,0,0.090909091
554,371,A,P,1,0.0,0,0.919191919
555,371,A,E,1,0.0,0,0.919191919
556,374,L,F,1,144.27089072543706,0,0.090909091
557,375,R,H,1,0.0,0,0.919191919
558,375,R,C,1,0.0,0,0.919191919
559,376,P,A,0,0.0,0,0.939393939
560,377,K,E,1,0.0,0,0.848484848
561,380,R,S,1,671.2036002824156,0,0.919191919
562,380,R,W,1,671.2036002824156,0,0.919191919
563,382,R,S,1,0.0,0,0.787878788
564,386,S,F,1,0.0,0,0.848484848
565,386,M,T,0,0.0,0,0.848484848
566,386,S,Y,1,0.0,0,0.848484848
567,387,I,T,1,0.0,0,0.767676768
568,387,I,F,1,0.0,0,0.767676768
569,388,G,R,1,0.0,0,0.787878788
570,388,G,A,1,0.0,0,0.787878788
571,389,S,F,1,671.2036002824156,0,0.878787879
572,391,R,G,1,335.6018001412078,0,0.090909091
573,392,W,R,1,0.0,0,0.797979798
574,393,M,K,1,0.1448584811842898,0,0.838383838
575,393,M,T,1,0.1448584811842898,0,0.838383838
576,393,M,R,1,0.1448584811842898,0,0.838383838
577,395,Y,S,1,0.0,0,0.757575758
578,397,V,G,1,1.8745555146237176,0,0.818181818
579,398,A,T,1,0.0,0,0.797979798
580,400,K,E,1,0.0,0,0.141414141
581,407,T,R,1,0.0,0,0.080808081
582,407,T,M,1,0.0,0,0.080808081
584,408,I,T,1,0.0,0,0.747474747
583,408,P,A,0,0.0,0,0.747474747
585,409,G,D,1,0.0,0,0.828282828
586,411,R,L,1,0.0,0,0.848484848
587,411,R,H,1,0.0,0,0.848484848
588,412,R,Q,1,0.0,0,0.777777778
589,412,R,W,1,0.0,0,0.777777778
590,414,R,L,1,0.0,0,0.848484848
591,414,R,P,1,0.0,0,0.848484848
592,414,D,E,0,0.0,0,0.848484848
593,414,R,Q,1,0.0,0,0.848484848
595,416,E,G,1,0.0,0,0.626262626
594,416,P,R,0,0.0,0,0.626262626
596,419,S,L,1,0.0,0,0.777777778
597,428,R,C,1,0.0,0,0.080808081
598,428,R,H,1,0.0,0,0.080808081
599,428,R,G,1,0.0,0,0.080808081
600,430,M,R,1,0.0,0,0.898989899
601,430,M,K,1,0.0,0,0.898989899
602,430,K,E,1,0.0,0,0.898989899
603,430,M,T,1,0.0,0,0.898989899
604,431,D,Y,1,0.0,0,0.525252525
605,432,Y,S,1,0.0,0,0.111111111
606,434,V,G,1,0.0,0,0.666666667
607,435,R,S,1,0.0,0,0.636363636
608,435,A,T,1,0.0,0,0.636363636
609,437,K,E,1,0.0,0,0.484848485
610,439,S,F,1,0.0,0,0.555555556
611,439,S,Y,1,0.0,0,0.555555556
612,440,I,F,1,0.0,0,0.757575758
613,440,I,T,1,0.0,0,0.757575758
614,441,G,R,1,3.3296570650015727,0,0.919191919
615,441,G,A,1,3.3296570650015727,0,0.919191919
616,444,M,T,0,0.0,0,0.878787879
617,446,D,E,0,0.0,0,0.747474747
618,448,P,R,0,0.0,0,0.484848485
619,449,R,W,1,0.0,0,0.656565657
620,449,R,Q,1,0.0,0,0.656565657
621,456,S,L,1,0.0,0,0.676767677
622,460,T,M,1,0.0,0,0.585858586
623,460,T,R,1,0.0,0,0.585858586
624,461,I,T,1,0.0,0,0.646464646
625,462,G,D,1,0.0,0,0.060606061
626,463,G,S,0,0.0,0,0.636363636
628,464,R,H,1,0.0,0,0.656565657
627,464,R,L,1,0.0,0,0.656565657
629,465,R,C,1,0.0,0,0.727272727
630,465,R,H,1,0.0,0,0.727272727
631,467,R,L,1,0.0,0,0.717171717
632,467,R,P,1,0.0,0,0.717171717
633,467,K,E,1,0.0,0,0.717171717
634,467,R,Q,1,0.0,0,0.717171717
635,468,V,L,0,0.0,0,0.747474747
636,468,V,I,0,0.0,0,0.747474747
637,469,E,G,1,0.0,0,0.757575758
638,472,R,S,1,0.0,0,0.787878788
641,476,M,T,0,0.0,0,0.01010101
640,476,S,F,1,0.0,0,0.01010101
639,476,S,Y,1,0.0,0,0.01010101
642,477,I,F,1,0.0,0,0.444444444
643,477,I,T,1,0.0,0,0.444444444
644,478,G,R,1,0.0,0,0.555555556
645,478,G,A,1,0.0,0,0.555555556
646,484,D,Y,1,0.0,0,0.080808081
647,486,R,G,1,0.0,0,0.737373737
648,488,M,K,1,0.0,0,0.767676768
649,488,M,T,1,0.0,0,0.767676768
650,488,M,R,1,0.0,0,0.767676768
651,490,Y,S,1,0.0,0,0.777777778
652,492,V,G,1,0.0,0,0.787878788
653,493,A,T,1,0.0,0,0.747474747
654,495,K,E,1,0.0,0,0.686868687
655,497,T,R,1,0.0,0,0.080808081
656,497,T,M,1,0.0,0,0.080808081
657,498,I,T,1,0.0,0,0.484848485
658,499,G,D,1,0.0,0,0.848484848
659,501,R,H,1,0.0,0,0.747474747
660,501,R,L,1,0.0,0,0.747474747
662,504,R,Q,1,0.0,0,0.818181818
663,504,R,P,1,0.0,0,0.818181818
661,504,R,L,1,0.0,0,0.818181818
664,506,E,G,1,0.0,0,0.070707071
665,507,R,Q,1,0.0,0,0.060606061
666,507,R,W,1,0.0,0,0.060606061
667,514,S,L,1,0.0,0,0.696969697
668,516,G,S,0,0.0,0,0.696969697
669,518,R,G,1,2.7242984659428515,0,0.656565657
670,520,M,R,1,1342.407200564831,0,0.676767677
671,520,M,T,1,1342.407200564831,0,0.676767677
672,520,M,K,1,1342.407200564831,0,0.676767677
674,521,V,L,0,0.0,0,0.060606061
675,521,D,Y,1,0.0,0,0.060606061
673,521,V,I,0,0.0,0,0.060606061
676,522,Y,S,1,335.6018001412078,0,0.737373737
677,523,R,H,1,0.0,0,0.737373737
678,523,R,C,1,0.0,0,0.737373737
679,524,V,G,1,625.626721632448,0,0.727272727
680,525,K,E,1,503.35537190082647,0,0.747474747
681,525,A,T,1,503.35537190082647,0,0.747474747
682,527,K,E,1,0.0,0,0.636363636
683,530,R,S,1,0.0,0,0.727272727
685,534,S,Y,1,0.0,0,0.747474747
684,534,S,F,1,0.0,0,0.747474747
687,535,I,T,1,0.0,0,0.777777778
686,535,I,F,1,0.0,0,0.777777778
688,536,G,A,1,0.0,0,0.757575758
689,536,G,R,1,0.0,0,0.757575758
690,539,R,W,1,683.8351239669441,0,0.757575758
691,539,R,Q,1,683.8351239669441,0,0.757575758
692,546,S,L,1,293.7334710743804,0,0.757575758
693,553,G,S,0,0.0,0,0.737373737
694,555,R,C,1,39.397414892586966,0,0.757575758
695,555,T,M,1,39.397414892586966,0,0.757575758
696,555,T,R,1,39.397414892586966,0,0.757575758
697,555,R,H,1,39.397414892586966,0,0.757575758
698,556,I,T,1,0.0,0,0.737373737
699,557,G,D,1,162.0438475665749,0,0.757575758
700,557,K,E,1,162.0438475665749,0,0.757575758
701,558,V,L,0,0.0,0,0.767676768
702,558,V,I,0,0.0,0,0.767676768
703,559,R,L,1,0.0,0,0.737373737
704,559,R,H,1,0.0,0,0.737373737
705,562,R,L,1,0.0,0,0.767676768
706,562,R,P,1,0.0,0,0.767676768
707,562,R,Q,1,0.0,0,0.767676768
708,562,R,S,1,0.0,0,0.767676768
709,564,E,G,1,0.0,0,0.757575758
710,566,S,Y,1,167.79384756657487,0,0.717171717
711,566,S,F,1,167.79384756657487,0,0.717171717
712,567,I,T,1,838.9772727272749,0,0.060606061
713,567,I,F,1,838.9772727272749,0,0.060606061
714,568,G,A,1,525.9520202020217,0,0.797979798
715,568,G,R,1,525.9520202020217,0,0.797979798
716,579,D,Y,1,0.0,0,0.626262626
717,587,T,R,1,478.1393480257136,0,0.616161616
718,587,T,M,1,478.1393480257136,0,0.616161616
719,588,I,T,1,0.0,0,0.666666667
720,589,G,D,1,2.167090388356334,0,0.747474747
721,591,R,L,1,141.93918468906736,0,0.727272727
722,591,R,H,1,141.93918468906736,0,0.727272727
723,594,R,P,1,106.2622470162737,0,0.070707071
724,594,R,Q,1,106.2622470162737,0,0.070707071
725,594,R,L,1,106.2622470162737,0,0.070707071
726,596,E,G,1,671.2036002824156,0,0.717171717
727,611,D,Y,1,1.3634454670159324,0,0.595959596
728,611,G,S,0,1.3634454670159324,0,0.595959596
729,616,V,L,0,0.0,0,0.666666667
730,616,V,I,0,0.0,0,0.666666667
731,643,G,S,0,0.0,0,0.02020202
732,648,V,I,0,0.0,0,0.171717172
733,648,V,L,0,0.0,0,0.171717172
